Category,Course Title,Course URL
undergraduate,BA (Hons) Accounting,https://www.bournemouth.ac.uk/study/courses/ba-hons-accounting
undergraduate,BA (Hons) Accounting & Finance,https://www.bournemouth.ac.uk/study/courses/ba-hons-accounting-finance-2
undergraduate,BA (Hons) Finance,https://www.bournemouth.ac.uk/study/courses/ba-hons-finance
undergraduate,BA (Hons) International Finance (Top-up),https://www.bournemouth.ac.uk/study/courses/ba-hons-international-finance-top-0
undergraduate,BSc (Hons) Economics,https://www.bournemouth.ac.uk/study/courses/bsc-hons-economics
undergraduate,"BSc (Hons) Archaeological, Anthropological and Forensic Sciences",https://www.bournemouth.ac.uk/study/courses/bsc-hons-archaeological-anthropological-forensic-sciences-2
undergraduate,BSc (Hons) Archaeology,https://www.bournemouth.ac.uk/study/courses/bsc-hons-archaeology
undergraduate,BA (Hons) Business & Management,https://www.bournemouth.ac.uk/study/courses/ba-hons-business-management-2
undergraduate,BA (Hons) Business & Management (Economics),https://www.bournemouth.ac.uk/study/courses/ba-hons-business-management-economics-0
undergraduate,BA (Hons) Business & Management (Entrepreneurship),https://www.bournemouth.ac.uk/study/courses/ba-hons-business-management-entrepreneurship
undergraduate,BA (Hons) Business & Management (Finance),https://www.bournemouth.ac.uk/study/courses/ba-hons-business-management-finance-0
undergraduate,BA (Hons) Business & Management (Global Operations),https://www.bournemouth.ac.uk/study/courses/ba-hons-business-management-global-operations
undergraduate,BA (Hons) Business & Management (HRM),https://www.bournemouth.ac.uk/study/courses/ba-hons-business-management-hrm
undergraduate,BA (Hons) Business & Management (Marketing),https://www.bournemouth.ac.uk/study/courses/ba-hons-business-management-marketing
undergraduate,BA (Hons) Business & Management (Project Management),https://www.bournemouth.ac.uk/study/courses/ba-hons-business-management-project-management
undergraduate,BA (Hons) Business and Management (Top-up),https://www.bournemouth.ac.uk/study/courses/ba-hons-business-management-top
undergraduate,BA (Hons) International Business & Management,https://www.bournemouth.ac.uk/study/courses/ba-hons-international-business-management-0
undergraduate,BA (Hons) Computer Animation & Visual Effects,https://www.bournemouth.ac.uk/study/courses/ba-hons-computer-animation-visual-effects
undergraduate,BSc (Hons) Games Design,https://www.bournemouth.ac.uk/study/courses/bsc-hons-games-design
undergraduate,BSc (Hons) Business Computing with Analytics,https://www.bournemouth.ac.uk/study/courses/bsc-hons-business-computing-analytics-0
undergraduate,BSc (Hons) Computer Science,https://www.bournemouth.ac.uk/study/courses/bsc-hons-computer-science
undergraduate,BSc (Hons) Computing,https://www.bournemouth.ac.uk/study/courses/bsc-hons-computing
undergraduate,BSc (Hons) Cyber Security Management,https://www.bournemouth.ac.uk/study/courses/bsc-hons-cyber-security-management-1
undergraduate,BSc (Hons) Cyber Security with Digital Forensics,https://www.bournemouth.ac.uk/study/courses/bsc-hons-cyber-security-digital-forensics
undergraduate,BSc (Hons) Data Science and Artificial Intelligence,https://www.bournemouth.ac.uk/study/courses/bsc-hons-data-science-artificial-intelligence
undergraduate,BSc (Hons) Networks and Cyber Security,https://www.bournemouth.ac.uk/study/courses/bsc-hons-networks-cyber-security
undergraduate,BSc (Hons) Software Engineering,https://www.bournemouth.ac.uk/study/courses/bsc-hons-software-engineering
undergraduate,BA (Hons) Product Design,https://www.bournemouth.ac.uk/study/courses/ba-hons-product-design
undergraduate,BEng (Hons) Engineering,https://www.bournemouth.ac.uk/study/courses/beng-hons-engineering-3
undergraduate,BEng (Hons) Mechanical Engineering,https://www.bournemouth.ac.uk/study/courses/beng-hons-mechanical-engineering-2
undergraduate,BEng (Hons) Mechatronics and Robotics,https://www.bournemouth.ac.uk/study/courses/beng-hons-mechatronics-robotics
undergraduate,BSc (Hons) Design Engineering,https://www.bournemouth.ac.uk/study/courses/bsc-hons-design-engineering-0
undergraduate,BSc (Hons) Product Design,https://www.bournemouth.ac.uk/study/courses/bsc-hons-product-design
undergraduate,MEng (Hons) Engineering,https://www.bournemouth.ac.uk/study/courses/meng-hons-engineering-1
undergraduate,MEng (Hons) Mechanical Engineering,https://www.bournemouth.ac.uk/study/courses/meng-hons-mechanical-engineering-0
undergraduate,BA (Hons) Social Work,https://www.bournemouth.ac.uk/study/courses/ba-hons-social-work
undergraduate,BSc (Hons) Adult Nursing,https://www.bournemouth.ac.uk/study/courses/bsc-hons-adult-nursing-5
undergraduate,BSc (Hons) Children's and Young People's Nursing,https://www.bournemouth.ac.uk/study/courses/bsc-hons-childrens-young-peoples-nursing
undergraduate,BSc (Hons) Mental Health Nursing,https://www.bournemouth.ac.uk/study/courses/bsc-hons-mental-health-nursing-1
undergraduate,BSc (Hons) Mental Health Nursing (Advanced Standing),https://www.bournemouth.ac.uk/study/courses/bsc-hons-mental-health-nursing-advanced-standing
undergraduate,BSc (Hons) Midwifery,https://www.bournemouth.ac.uk/study/courses/bsc-hons-midwifery-4
undergraduate,BSc (Hons) Nutrition,https://www.bournemouth.ac.uk/study/courses/bsc-hons-nutrition
undergraduate,BSc (Hons) Occupational Therapy,https://www.bournemouth.ac.uk/study/courses/bsc-hons-occupational-therapy-1
undergraduate,BSc (Hons) Operating Department Practice,https://www.bournemouth.ac.uk/study/courses/bsc-hons-operating-department-practice
undergraduate,BSc (Hons) Operating Department Practice (Apprenticeship),https://www.bournemouth.ac.uk/study/courses/bsc-hons-operating-department-practice-apprenticeship
undergraduate,BSc (Hons) Paramedic Science,https://www.bournemouth.ac.uk/study/courses/bsc-hons-paramedic-science
undergraduate,BSc (Hons) Physiotherapy,https://www.bournemouth.ac.uk/study/courses/bsc-hons-physiotherapy
undergraduate,BSc (Hons) Sports Therapy,https://www.bournemouth.ac.uk/study/courses/bsc-hons-sports-therapy-2
undergraduate,BA (Hons) Criminology,https://www.bournemouth.ac.uk/study/courses/ba-hons-criminology
undergraduate,BA (Hons) Criminology with Law,https://www.bournemouth.ac.uk/study/courses/ba-hons-criminology-law
undergraduate,BA (Hons) Criminology with Psychology,https://www.bournemouth.ac.uk/study/courses/ba-hons-criminology-psychology
undergraduate,BA (Hons) History,https://www.bournemouth.ac.uk/study/courses/ba-hons-history
undergraduate,BA (Hons) Politics,https://www.bournemouth.ac.uk/study/courses/ba-hons-politics
undergraduate,BA (Hons) Sociology,https://www.bournemouth.ac.uk/study/courses/ba-hons-sociology
undergraduate,BA (Hons) Sociology & Criminology,https://www.bournemouth.ac.uk/study/courses/ba-hons-sociology-criminology
undergraduate,BA (Hons) Communication and Media,https://www.bournemouth.ac.uk/study/courses/ba-hons-communication-media
undergraduate,BA (Hons) Marketing Communications for Social Change,https://www.bournemouth.ac.uk/study/courses/ba-hons-marketing-communications-social-change
undergraduate,BA (Hons) Marketing Communications with Advertising,https://www.bournemouth.ac.uk/study/courses/ba-hons-marketing-communications-advertising
undergraduate,BA (Hons) Marketing Communications with Digital Strategy,https://www.bournemouth.ac.uk/study/courses/ba-hons-marketing-communications-digital-strategy
undergraduate,BA (Hons) Marketing Communications with Public Relations,https://www.bournemouth.ac.uk/study/courses/ba-hons-marketing-communications-public-relations
undergraduate,BA (Hons) Multimedia Journalism,https://www.bournemouth.ac.uk/study/courses/ba-hons-multimedia-journalism
undergraduate,BA (Hons) Multimedia Sports Journalism,https://www.bournemouth.ac.uk/study/courses/ba-hons-multimedia-sports-journalism
undergraduate,LLB (Hons) Law,https://www.bournemouth.ac.uk/study/courses/llb-hons-law-1
undergraduate,LLB (Hons) Law with Legal Practice (SQE),https://www.bournemouth.ac.uk/study/courses/llb-hons-law-legal-practice-sqe
undergraduate,LLB (Hons) Law with Politics,https://www.bournemouth.ac.uk/study/courses/llb-hons-law-politics-0
undergraduate,"LLB (Hons) Law, Media & Creative Industries",https://www.bournemouth.ac.uk/study/courses/llb-hons-law-media-creative-industries-0
undergraduate,BSc (Hons) Biological Sciences,https://www.bournemouth.ac.uk/study/courses/bsc-hons-biological-sciences-2
undergraduate,BSc (Hons) Ecology & Wildlife Conservation,https://www.bournemouth.ac.uk/study/courses/bsc-hons-ecology-wildlife-conservation-3
undergraduate,BSc (Hons) Environmental Science,https://www.bournemouth.ac.uk/study/courses/bsc-hons-environmental-science-2
undergraduate,BSc (Hons) Forensic Investigation,https://www.bournemouth.ac.uk/study/courses/bsc-hons-forensic-investigation-2
undergraduate,BSc (Hons) Forensic Science,https://www.bournemouth.ac.uk/study/courses/bsc-hons-forensic-science-3
undergraduate,BSc (Hons) Geography,https://www.bournemouth.ac.uk/study/courses/bsc-hons-geography-2
undergraduate,BSc (Hons) Marine Ecology and Conservation (Top-up),https://www.bournemouth.ac.uk/study/courses/bsc-hons-marine-ecology-conservation-top
undergraduate,BA (Hons) Marketing Communications for Social Change,https://www.bournemouth.ac.uk/study/courses/ba-hons-marketing-communications-social-change
undergraduate,BA (Hons) Marketing Communications with Advertising,https://www.bournemouth.ac.uk/study/courses/ba-hons-marketing-communications-advertising
undergraduate,BA (Hons) Marketing Communications with Digital Strategy,https://www.bournemouth.ac.uk/study/courses/ba-hons-marketing-communications-digital-strategy
undergraduate,BA (Hons) Marketing Communications with Public Relations,https://www.bournemouth.ac.uk/study/courses/ba-hons-marketing-communications-public-relations
undergraduate,BSc (Hons) Marketing,https://www.bournemouth.ac.uk/study/courses/bsc-hons-marketing
undergraduate,BA (Hons) Film,https://www.bournemouth.ac.uk/study/courses/ba-hons-film-3
undergraduate,BA (Hons) Film & TV Production,https://www.bournemouth.ac.uk/study/courses/ba-hons-film-tv-production
undergraduate,BA (Hons) Film Production & Cinematography,https://www.bournemouth.ac.uk/study/courses/ba-hons-film-production-cinematography
undergraduate,BA (Hons) Media Production,https://www.bournemouth.ac.uk/study/courses/ba-hons-media-production
undergraduate,BA (Hons) Music and Sound Production,https://www.bournemouth.ac.uk/study/courses/ba-hons-music-sound-production
undergraduate,BSc (Hons) Biomedical Science,https://www.bournemouth.ac.uk/study/courses/bsc-hons-biomedical-science-0
undergraduate,BSc (Hons) Medical Science,https://www.bournemouth.ac.uk/study/courses/bsc-hons-medical-science-0
undergraduate,BSc (Hons) Psychology,https://www.bournemouth.ac.uk/study/courses/bsc-hons-psychology-1
undergraduate,BSc (Hons) Psychology in Education,https://www.bournemouth.ac.uk/study/courses/bsc-hons-psychology-education
undergraduate,BSc (Hons) Psychology with Counselling,https://www.bournemouth.ac.uk/study/courses/bsc-hons-psychology-counselling
undergraduate,BSc (Hons) Psychology with Forensic Investigation,https://www.bournemouth.ac.uk/study/courses/bsc-hons-psychology-forensic-investigation
undergraduate,BSc (Hons) Sport and Exercise Science,https://www.bournemouth.ac.uk/study/courses/bsc-hons-sport-exercise-science
undergraduate,BSc (Hons) Sport Coaching,https://www.bournemouth.ac.uk/study/courses/bsc-hons-sport-coaching
undergraduate,BSc (Hons) Sport Management,https://www.bournemouth.ac.uk/study/courses/bsc-hons-sport-management
undergraduate,BSc (Hons) Sports Therapy,https://www.bournemouth.ac.uk/study/courses/bsc-hons-sports-therapy-2
undergraduate,BA (Hons) Events Management,https://www.bournemouth.ac.uk/study/courses/ba-hons-events-management
undergraduate,BA (Hons) International Hospitality & Tourism Management (Top-up),https://www.bournemouth.ac.uk/study/courses/ba-hons-international-hospitality-tourism-management-top-0
undergraduate,BA (Hons) International Hospitality and Business Management,https://www.bournemouth.ac.uk/study/courses/ba-hons-international-hospitality-business-management
undergraduate,BA (Hons) International Tourism & Business Management,https://www.bournemouth.ac.uk/study/courses/ba-hons-international-tourism-business-management-0
undergraduate,BA (Hons) International Tourism and Hospitality Management,https://www.bournemouth.ac.uk/study/courses/ba-hons-international-tourism-hospitality-management-0
undergraduate,BA (Hons) Tourism Management,https://www.bournemouth.ac.uk/study/courses/ba-hons-tourism-management
